matrix_size/number_of_threads,1.0,2.0,4.0,8.0,16.0
5.0000000000,1.0000000000,0.0484140234,,,
10.0000000000,1.0000000000,0.1725283177,0.0641142234,,
20.0000000000,1.0000000000,0.3642105227,0.1727538225,,
100.0000000000,1.0000000000,0.5099146385,0.3110756299,0.1609132845,0.0673107627
200.0000000000,1.0000000000,0.5732678831,0.3224426892,0.1707785753,0.0792275871
