matrix_size/number_of_threads,1.0,2.0,4.0,8.0,16.0
5.0000000000,1.0000000000,0.0968280467,,,
10.0000000000,1.0000000000,0.3450566354,0.2564568934,,
20.0000000000,1.0000000000,0.7284210455,0.6910152900,,
100.0000000000,1.0000000000,1.0198292770,1.2443025194,1.2873062762,1.0769722028
200.0000000000,1.0000000000,1.1465357662,1.2897707570,1.3662286021,1.2676413936
